date,value,name
2019-12-31,27,中国
2020-01-03,17,中国
2020-01-05,15,中国
2020-01-13,1,泰国
2020-01-15,1,日本
2020-01-17,4,中国
2020-01-17,1,泰国
2020-01-18,17,中国
2020-01-19,136,中国
2020-01-20,19,中国
2020-01-20,1,韩国
2020-01-21,151,中国
2020-01-21,1,美国
2020-01-22,140,中国
2020-01-22,2,泰国
2020-01-23,97,中国
2020-01-24,259,中国
2020-01-24,1,日本
2020-01-24,3,新加坡
2020-01-24,1,韩国
2020-01-24,2,越南
2020-01-25,1,澳大利亚
2020-01-25,441,中国
2020-01-25,3,法国
2020-01-25,3,马来西亚
2020-01-25,1,尼泊尔
2020-01-25,1,泰国
2020-01-25,1,美国
2020-01-26,3,澳大利亚
2020-01-26,1,加拿大
2020-01-26,665,中国
2020-01-26,1,日本
2020-01-26,1,马来西亚
2020-01-26,1,新加坡
2020-01-26,1,韩国
2020-01-27,787,中国
2020-01-27,1,韩国
2020-01-27,3,泰国
2020-01-27,1,阿联酋
2020-01-27,3,美国
2020-01-28,1,柬埔寨
2020-01-28,1,加拿大
2020-01-28,1753,中国
2020-01-28,1,德国
2020-01-28,1,日本
2020-01-28,1,新加坡
2020-01-28,1,斯里兰卡
2020-01-28,6,泰国
2020-01-29,1,加拿大
2020-01-29,1466,中国
2020-01-29,1,法国
2020-01-29,3,德国
2020-01-29,3,日本
2020-01-29,3,马来西亚
2020-01-29,2,新加坡
2020-01-30,2,澳大利亚
2020-01-30,1740,中国
2020-01-30,1,芬兰
2020-01-30,1,法国
2020-01-30,1,印度
2020-01-30,4,日本
2020-01-30,1,菲律宾
2020-01-30,3,新加坡
2020-01-30,3,阿联酋
2020-01-31,1,澳大利亚
2020-01-31,1980,中国
2020-01-31,1,法国
2020-01-31,1,德国
2020-01-31,3,意大利
2020-01-31,3,日本
2020-01-31,1,马来西亚
2020-01-31,3,新加坡
2020-01-31,3,韩国
2020-01-31,2,英国
2020-01-31,1,美国
2020-01-31,3,越南
2020-02-01,2,澳大利亚
2020-02-01,1,加拿大
2020-02-01,2095,中国
2020-02-01,2,德国
2020-02-01,1,日本
2020-02-01,2,俄罗斯联邦
2020-02-01,3,新加坡
2020-02-01,5,韩国
2020-02-01,1,西班牙
2020-02-01,1,瑞典
2020-02-01,5,泰国
2020-02-01,1,美国
2020-02-02,2,澳大利亚
2020-02-02,2590,中国
2020-02-02,1,德国
2020-02-02,1,印度
2020-02-02,4,日本
2020-02-02,1,菲律宾
2020-02-02,2,新加坡
2020-02-02,3,韩国
2020-02-02,1,阿联酋
2020-02-02,1,美国
2020-02-02,2,越南
2020-02-03,2812,中国
2020-02-03,1,德国
2020-02-03,1,日本
2020-02-03,3,美国
2020-02-03,1,越南
2020-02-04,1,比利时
2020-02-04,3237,中国
2020-02-04,2,德国
2020-02-04,1,印度
2020-02-04,1,韩国
2020-02-04,1,越南
2020-02-05,1,澳大利亚
2020-02-05,1,加拿大
2020-02-05,3872,中国
2020-02-05,5,日本
2020-02-05,2,马来西亚
2020-02-05,6,新加坡
2020-02-05,2,韩国
2020-02-05,6,泰国
2020-02-05,1,越南
2020-02-06,1,澳大利亚
2020-02-06,3727,中国
2020-02-06,2,马来西亚
2020-02-06,1,菲律宾
2020-02-06,4,新加坡
2020-02-06,5,韩国
2020-02-06,1,美国
2020-02-07,1,澳大利亚
2020-02-07,2,加拿大
2020-02-07,3160,中国
2020-02-07,1,德国
2020-02-07,2,马来西亚
2020-02-07,2,新加坡
2020-02-07,1,韩国
2020-02-07,1,英国
2020-02-07,2,越南
2020-02-08,3418,中国
2020-02-08,5,法国
2020-02-08,1,德国
2020-02-08,1,马来西亚
2020-02-08,3,新加坡
2020-02-08,7,泰国
2020-02-08,2,阿联酋
2020-02-08,1,越南
2020-02-09,2607,中国
2020-02-09,1,马来西亚
2020-02-09,7,新加坡
2020-02-09,1,韩国
2020-02-09,1,英国
2020-02-09,1,越南
2020-02-10,2974,中国
2020-02-10,2,马来西亚
2020-02-10,3,新加坡
2020-02-10,2,韩国
2020-02-10,1,西班牙
2020-02-11,2490,中国
2020-02-11,2,新加坡
2020-02-11,1,韩国
2020-02-11,1,阿联酋
2020-02-11,4,英国
2020-02-11,1,美国
2020-02-11,1,越南
2020-02-12,2028,中国
2020-02-12,2,德国
2020-02-12,2,新加坡
2020-02-12,1,泰国
2020-02-13,15141,中国
2020-02-13,4,日本
2020-02-13,3,新加坡
2020-02-13,1,英国
2020-02-13,1,美国
2020-02-13,1,越南
2020-02-14,1,澳大利亚
2020-02-14,4156,中国
2020-02-14,1,日本
2020-02-14,1,马来西亚
2020-02-14,8,新加坡
2020-02-14,1,美国
2020-02-15,1,加拿大
2020-02-15,2538,中国
2020-02-15,1,埃及
2020-02-15,8,日本
2020-02-15,2,马来西亚
2020-02-15,9,新加坡
2020-02-15,1,泰国
2020-02-16,2007,中国
2020-02-16,14,日本
2020-02-16,1,马来西亚
2020-02-16,5,新加坡
2020-02-16,1,韩国
2020-02-17,2052,中国
2020-02-17,1,法国
2020-02-17,7,日本
2020-02-17,3,新加坡
2020-02-17,1,韩国
2020-02-17,1,阿联酋
2020-02-18,1890,中国
2020-02-18,2,新加坡
2020-02-18,1,韩国
2020-02-18,1,泰国
2020-02-19,1750,中国
2020-02-19,7,日本
2020-02-19,4,新加坡
2020-02-19,15,韩国
2020-02-20,394,中国
2020-02-20,2,伊朗
2020-02-20,18,日本
2020-02-20,3,新加坡
2020-02-20,34,韩国
2020-02-21,2,澳大利亚
2020-02-21,1,加拿大
2020-02-21,891,中国
2020-02-21,3,伊朗
2020-02-21,9,日本
2020-02-21,1,新加坡
2020-02-21,75,韩国
2020-02-21,1,美国
2020-02-22,4,澳大利亚
2020-02-22,826,中国
2020-02-22,13,伊朗
2020-02-22,1,以色列
2020-02-22,14,意大利
2020-02-22,12,日本
2020-02-22,1,黎巴嫩
2020-02-22,1,新加坡
2020-02-22,190,韩国
2020-02-22,2,阿联酋
2020-02-22,19,美国
2020-02-23,1,澳大利亚
2020-02-23,647,中国
2020-02-23,10,伊朗
2020-02-23,62,意大利
2020-02-23,27,日本
2020-02-23,3,新加坡
2020-02-23,256,韩国
2020-02-23,2,阿联酋
2020-02-24,1,巴林
2020-02-24,218,中国
2020-02-24,15,伊朗
2020-02-24,1,以色列
2020-02-24,53,意大利
2020-02-24,12,日本
2020-02-24,3,科威特
2020-02-24,161,韩国
2020-02-24,4,英国
2020-02-25,1,阿富汗
2020-02-25,1,巴林
2020-02-25,2,加拿大
2020-02-25,515,中国
2020-02-25,18,伊朗
2020-02-25,1,伊拉克
2020-02-25,97,意大利
2020-02-25,2,科威特
2020-02-25,2,阿曼
2020-02-25,1,新加坡
2020-02-25,130,韩国
2020-02-25,1,西班牙
2020-02-25,2,泰国
2020-02-25,18,美国
2020-02-26,1,阿尔及利亚
2020-02-26,2,奥地利
2020-02-26,21,巴林
2020-02-26,1,巴西
2020-02-26,410,中国
2020-02-26,1,克罗地亚
2020-02-26,2,法国
2020-02-26,2,德国
2020-02-26,34,伊朗
2020-02-26,4,伊拉克
2020-02-26,93,意大利
2020-02-26,20,日本
2020-02-26,6,科威特
2020-02-26,2,阿曼
2020-02-26,1,新加坡
2020-02-26,254,韩国
2020-02-26,4,西班牙
2020-02-26,1,瑞士
2020-02-26,3,泰国
2020-02-27,1,澳大利亚
2020-02-27,10,巴林
2020-02-27,1,加拿大
2020-02-27,439,中国
2020-02-27,1,克罗地亚
2020-02-27,1,丹麦
2020-02-27,1,芬兰
2020-02-27,3,法国
2020-02-27,1,格鲁吉亚
2020-02-27,4,德国
2020-02-27,1,希腊
2020-02-27,44,伊朗
2020-02-27,78,意大利
2020-02-27,22,日本
2020-02-27,15,科威特
2020-02-27,1,黎巴嫩
2020-02-27,1,马其顿
2020-02-27,1,挪威
2020-02-27,2,巴基斯坦
2020-02-27,1,罗马尼亚
2020-02-27,2,新加坡
2020-02-27,449,韩国
2020-02-27,5,西班牙
2020-02-27,1,瑞典
2020-02-27,6,美国
2020-02-28,3,奥地利
2020-02-28,1,白俄罗斯
2020-02-28,2,加拿大
2020-02-28,329,中国
2020-02-28,1,克罗地亚
2020-02-28,1,爱沙尼亚
2020-02-28,21,法国
2020-02-28,26,德国
2020-02-28,2,希腊
2020-02-28,106,伊朗
2020-02-28,1,伊拉克
2020-02-28,1,以色列
2020-02-28,250,意大利
2020-02-28,24,日本
2020-02-28,17,科威特
2020-02-28,1,黎巴嫩
2020-02-28,1,立陶宛
2020-02-28,1,马来西亚
2020-02-28,1,荷兰
2020-02-28,1,新西兰
2020-02-28,1,尼日利亚
2020-02-28,3,挪威
2020-02-28,2,阿曼
2020-02-28,1,圣马力诺
2020-02-28,3,新加坡
2020-02-28,427,韩国
2020-02-28,13,西班牙
2020-02-28,5,瑞典
2020-02-28,7,瑞士
2020-02-28,6,阿联酋
2020-02-28,3,英国
2020-02-28,1,美国
2020-02-29,2,澳大利亚
2020-02-29,2,奥地利
2020-02-29,1,阿塞拜疆
2020-02-29,5,巴林
2020-02-29,2,加拿大
2020-02-29,428,中国
2020-02-29,2,克罗地亚
2020-02-29,1,丹麦
2020-02-29,1,芬兰
2020-02-29,19,法国
2020-02-29,1,格鲁吉亚
2020-02-29,10,德国
2020-02-29,1,希腊
2020-02-29,1,冰岛
2020-02-29,143,伊朗
2020-02-29,1,伊拉克
2020-02-29,4,以色列
2020-02-29,238,意大利
2020-02-29,20,日本
2020-02-29,2,科威特
2020-02-29,2,马来西亚
2020-02-29,2,墨西哥
2020-02-29,1,摩纳哥
2020-02-29,1,荷兰
2020-02-29,2,挪威
2020-02-29,2,罗马尼亚
2020-02-29,2,新加坡
2020-02-29,909,韩国
2020-02-29,9,西班牙
2020-02-29,5,瑞典
2020-02-29,4,瑞士
2020-02-29,2,泰国
2020-02-29,2,英国
2020-02-29,6,美国
2020-03-01,1,亚美尼亚
2020-03-01,1,澳大利亚
2020-03-01,3,奥地利
2020-03-01,3,巴林
2020-03-01,1,巴西
2020-03-01,4,加拿大
2020-03-01,574,中国
2020-03-01,1,丹麦
2020-03-01,1,厄瓜多尔
2020-03-01,43,法国
2020-03-01,1,格鲁吉亚
2020-03-01,54,德国
2020-03-01,3,希腊
2020-03-01,205,伊朗
2020-03-01,6,伊拉克
2020-03-01,1,爱尔兰
2020-03-01,240,意大利
2020-03-01,9,日本
2020-03-01,1,黎巴嫩
2020-03-01,1,卢森堡
2020-03-01,2,墨西哥
2020-03-01,5,荷兰
2020-03-01,9,挪威
2020-03-01,2,巴基斯坦
2020-03-01,1,卡塔尔
2020-03-01,4,新加坡
2020-03-01,595,韩国
2020-03-01,32,西班牙
2020-03-01,1,瑞典
2020-03-01,6,瑞士
2020-03-01,2,阿联酋
2020-03-01,5,英国
2020-03-01,3,美国
2020-03-02,2,阿尔及利亚
2020-03-02,3,澳大利亚
2020-03-02,4,奥地利
2020-03-02,2,阿塞拜疆
2020-03-02,6,巴林
2020-03-02,1,比利时
2020-03-02,4,加拿大
2020-03-02,205,中国
2020-03-02,2,克罗地亚
2020-03-02,3,捷克
2020-03-02,1,丹麦
2020-03-02,1,多米尼加
2020-03-02,5,厄瓜多尔
2020-03-02,1,埃及
2020-03-02,3,芬兰
2020-03-02,30,法国
2020-03-02,18,德国
2020-03-02,2,冰岛
2020-03-02,2,印度尼西亚
2020-03-02,385,伊朗
2020-03-02,6,伊拉克
2020-03-02,3,以色列
2020-03-02,561,意大利
2020-03-02,15,日本
2020-03-02,1,科威特
2020-03-02,6,黎巴嫩
2020-03-02,4,马来西亚
2020-03-02,1,墨西哥
2020-03-02,6,荷兰
2020-03-02,4,挪威
2020-03-02,2,卡塔尔
2020-03-02,7,圣马力诺
2020-03-02,4,新加坡
2020-03-02,686,韩国
2020-03-02,17,西班牙
2020-03-02,1,瑞典
2020-03-02,6,瑞士
2020-03-02,1,泰国
2020-03-02,13,英国
2020-03-02,20,美国
2020-03-03,1,安道尔
2020-03-03,4,澳大利亚
2020-03-03,4,奥地利
2020-03-03,6,比利时
2020-03-03,3,加拿大
2020-03-03,127,中国
2020-03-03,1,克罗地亚
2020-03-03,2,捷克
2020-03-03,1,丹麦
2020-03-03,1,厄瓜多尔
2020-03-03,48,法国
2020-03-03,28,德国
2020-03-03,3,冰岛
2020-03-03,2,印度
2020-03-03,523,伊朗
2020-03-03,2,伊拉克
2020-03-03,146,意大利
2020-03-03,1,约旦
2020-03-03,10,科威特
2020-03-03,1,拉脱维亚
2020-03-03,3,黎巴嫩
2020-03-03,1,摩洛哥
2020-03-03,5,荷兰
2020-03-03,6,挪威
2020-03-03,1,阿曼
2020-03-03,2,葡萄牙
2020-03-03,1,俄罗斯联邦
2020-03-03,1,沙特阿拉伯
2020-03-03,1,塞内加尔
2020-03-03,2,新加坡
2020-03-03,1,Sint Maarten (Dutch part)
2020-03-03,600,韩国
2020-03-03,31,西班牙
2020-03-03,1,瑞典
2020-03-03,6,瑞士
2020-03-03,1,突尼斯
2020-03-03,4,英国
2020-03-03,14,美国
2020-03-04,2,阿尔及利亚
2020-03-04,1,阿根廷
2020-03-04,8,澳大利亚
2020-03-04,6,奥地利
2020-03-04,2,巴林
2020-03-04,3,白俄罗斯
2020-03-04,5,比利时
2020-03-04,3,加拿大
2020-03-04,1,智利
2020-03-04,119,中国
2020-03-04,1,克罗地亚
2020-03-04,3,丹麦
2020-03-04,1,爱沙尼亚
2020-03-04,1,芬兰
2020-03-04,34,法国
2020-03-04,39,德国
2020-03-04,10,冰岛
2020-03-04,1,印度
2020-03-04,835,伊朗
2020-03-04,5,伊拉克
2020-03-04,1,爱尔兰
2020-03-04,667,意大利
2020-03-04,14,日本
2020-03-04,7,马来西亚
2020-03-04,10,荷兰
2020-03-04,1,新西兰
2020-03-04,8,挪威
2020-03-04,1,巴基斯坦
2020-03-04,1,波兰
2020-03-04,2,葡萄牙
2020-03-04,5,卡塔尔
2020-03-04,1,罗马尼亚
2020-03-04,1,俄罗斯联邦
2020-03-04,2,圣马力诺
2020-03-04,2,新加坡
2020-03-04,516,韩国
2020-03-04,37,西班牙
2020-03-04,9,瑞典
2020-03-04,7,瑞士
2020-03-04,1,乌克兰
2020-03-04,6,阿联酋
2020-03-04,11,英国
2020-03-04,22,美国
2020-03-05,7,阿尔及利亚
2020-03-05,11,澳大利亚
2020-03-05,5,奥地利
2020-03-05,3,巴林
2020-03-05,2,白俄罗斯
2020-03-05,10,比利时
2020-03-05,1,巴西
2020-03-05,3,加拿大
2020-03-05,2,智利
2020-03-05,117,中国
2020-03-05,3,捷克
2020-03-05,2,丹麦
2020-03-05,3,厄瓜多尔
2020-03-05,73,法国
2020-03-05,66,德国
2020-03-05,3,希腊
2020-03-05,2,匈牙利
2020-03-05,10,冰岛
2020-03-05,22,印度
2020-03-05,586,伊朗
2020-03-05,5,伊拉克
2020-03-05,4,爱尔兰
2020-03-05,5,以色列
2020-03-05,587,意大利
2020-03-05,49,日本
2020-03-05,1,列支敦士登
2020-03-05,14,马来西亚
2020-03-05,10,荷兰
2020-03-05,1,新西兰
2020-03-05,23,挪威
2020-03-05,8,阿曼
2020-03-05,1,葡萄牙
2020-03-05,5,圣马力诺
2020-03-05,2,塞内加尔
2020-03-05,2,新加坡
2020-03-05,1,斯洛文尼亚
2020-03-05,438,韩国
2020-03-05,49,西班牙
2020-03-05,11,瑞典
2020-03-05,20,瑞士
2020-03-05,4,泰国
2020-03-05,34,英国
2020-03-05,34,美国
2020-03-06,5,阿尔及利亚
2020-03-06,1,阿根廷
2020-03-06,7,澳大利亚
2020-03-06,12,奥地利
2020-03-06,3,阿塞拜疆
2020-03-06,27,比利时
2020-03-06,1,不丹
2020-03-06,2,波黑
2020-03-06,5,巴西
2020-03-06,12,加拿大
2020-03-06,1,智利
2020-03-06,170,中国
2020-03-06,1,克罗地亚
2020-03-06,4,捷克
2020-03-06,10,丹麦
2020-03-06,3,厄瓜多尔
2020-03-06,1,埃及
2020-03-06,3,爱沙尼亚
2020-03-06,5,芬兰
2020-03-06,138,法国
2020-03-06,6,格鲁吉亚
2020-03-06,138,德国
2020-03-06,22,希腊
2020-03-06,9,冰岛
2020-03-06,1,印度
2020-03-06,591,伊朗
2020-03-06,7,伊拉克
2020-03-06,7,爱尔兰
2020-03-06,2,以色列
2020-03-06,769,意大利
2020-03-06,32,日本
2020-03-06,2,科威特
2020-03-06,3,黎巴嫩
2020-03-06,1,摩洛哥
2020-03-06,44,荷兰
2020-03-06,1,新西兰
2020-03-06,30,挪威
2020-03-06,1,阿曼
2020-03-06,7,巴勒斯坦
2020-03-06,4,葡萄牙
2020-03-06,2,罗马尼亚
2020-03-06,7,圣马力诺
2020-03-06,4,沙特阿拉伯
2020-03-06,1,塞内加尔
2020-03-06,5,新加坡
2020-03-06,5,斯洛文尼亚
2020-03-06,1,南非
2020-03-06,518,韩国
2020-03-06,61,西班牙
2020-03-06,26,瑞典
2020-03-06,30,瑞士
2020-03-06,2,阿联酋
2020-03-06,30,英国
2020-03-06,74,美国
2020-03-07,6,阿根廷
2020-03-07,4,澳大利亚
2020-03-07,33,奥地利
2020-03-07,3,阿塞拜疆
2020-03-07,4,巴林
2020-03-07,59,比利时
2020-03-07,5,巴西
2020-03-07,1,喀麦隆
2020-03-07,6,加拿大
2020-03-07,1,智利
2020-03-07,101,中国
2020-03-07,1,哥伦比亚
2020-03-07,1,哥斯达黎加
2020-03-07,1,克罗地亚
2020-03-07,7,捷克
2020-03-07,3,丹麦
2020-03-07,1,多米尼加
2020-03-07,12,埃及
2020-03-07,5,爱沙尼亚
2020-03-07,7,芬兰
2020-03-07,190,法国
2020-03-07,284,德国
2020-03-07,13,希腊
2020-03-07,2,匈牙利
2020-03-07,8,冰岛
2020-03-07,2,印度
2020-03-07,2,印度尼西亚
2020-03-07,1234,伊朗
2020-03-07,5,爱尔兰
2020-03-07,2,以色列
2020-03-07,778,意大利
2020-03-07,59,日本
2020-03-07,6,黎巴嫩
2020-03-07,2,卢森堡
2020-03-07,2,马其顿
2020-03-07,33,马来西亚
2020-03-07,46,荷兰
2020-03-07,1,新西兰
2020-03-07,27,挪威
2020-03-07,1,巴基斯坦
2020-03-07,9,巴勒斯坦
2020-03-07,1,秘鲁
2020-03-07,2,菲律宾
2020-03-07,4,波兰
2020-03-07,4,葡萄牙
2020-03-07,3,卡塔尔
2020-03-07,1,罗马尼亚
2020-03-07,6,俄罗斯联邦
2020-03-07,1,圣马力诺
2020-03-07,1,塞尔维亚
2020-03-07,13,新加坡
2020-03-07,1,斯洛伐克
2020-03-07,3,斯洛文尼亚
2020-03-07,483,韩国
2020-03-07,113,西班牙
2020-03-07,76,瑞典
2020-03-07,122,瑞士
2020-03-07,3,泰国
2020-03-07,1,多哥
2020-03-07,48,英国
2020-03-07,105,美国
2020-03-07,1,梵蒂冈
2020-03-07,1,越南
2020-03-08,3,阿富汗
2020-03-08,1,阿根廷
2020-03-08,11,澳大利亚
2020-03-08,25,奥地利
2020-03-08,7,巴林
2020-03-08,60,比利时
2020-03-08,2,保加利亚
2020-03-08,1,柬埔寨
2020-03-08,6,加拿大
2020-03-08,46,中国
2020-03-08,1,克罗地亚
2020-03-08,7,捷克
2020-03-08,8,丹麦
2020-03-08,103,法国
2020-03-08,3,格鲁吉亚
2020-03-08,163,德国
2020-03-08,21,希腊
2020-03-08,3,匈牙利
2020-03-08,10,冰岛
2020-03-08,3,印度
2020-03-08,1076,伊朗
2020-03-08,16,伊拉克
2020-03-08,1,爱尔兰
2020-03-08,6,以色列
2020-03-08,1247,意大利
2020-03-08,47,日本
2020-03-08,3,科威特
2020-03-08,1,拉脱维亚
2020-03-08,10,马来西亚
2020-03-08,2,马尔代夫
2020-03-08,3,马耳他
2020-03-08,1,摩尔多瓦
2020-03-08,60,荷兰
2020-03-08,34,挪威
2020-03-08,3,巴勒斯坦
2020-03-08,1,Paraguay
2020-03-08,1,菲律宾
2020-03-08,1,波兰
2020-03-08,8,葡萄牙
2020-03-08,1,卡塔尔
2020-03-08,6,罗马尼亚
2020-03-08,3,圣马力诺
2020-03-08,2,沙特阿拉伯
2020-03-08,8,新加坡
2020-03-08,2,斯洛伐克
2020-03-08,3,斯洛文尼亚
2020-03-08,1,南非
2020-03-08,367,韩国
2020-03-08,56,西班牙
2020-03-08,24,瑞典
2020-03-08,55,瑞士
2020-03-08,16,阿联酋
2020-03-08,43,英国
2020-03-08,95,美国
2020-03-08,4,越南
2020-03-09,2,阿尔巴尼亚
2020-03-09,3,阿尔及利亚
2020-03-09,3,阿根廷
2020-03-09,6,澳大利亚
2020-03-09,3,奥地利
2020-03-09,16,巴林
2020-03-09,3,孟加拉
2020-03-09,31,比利时
2020-03-09,12,巴西
2020-03-09,2,保加利亚
2020-03-09,1,喀麦隆
2020-03-09,5,加拿大
2020-03-09,5,智利
2020-03-09,45,中国
2020-03-09,4,哥斯达黎加
2020-03-09,6,捷克
2020-03-09,7,丹麦
2020-03-09,1,厄瓜多尔
2020-03-09,34,埃及
2020-03-09,11,芬兰
2020-03-09,410,法国
2020-03-09,1,格鲁吉亚
2020-03-09,55,德国
2020-03-09,7,希腊
2020-03-09,1,匈牙利
2020-03-09,2,冰岛
2020-03-09,2,印度尼西亚
2020-03-09,743,伊朗
2020-03-09,7,伊拉克
2020-03-09,2,爱尔兰
2020-03-09,14,以色列
2020-03-09,1492,意大利
2020-03-09,33,日本
2020-03-09,3,科威特
2020-03-09,1,拉脱维亚
2020-03-09,10,黎巴嫩
2020-03-09,2,卢森堡
2020-03-09,6,马来西亚
2020-03-09,2,马尔代夫
2020-03-09,2,墨西哥
2020-03-09,77,荷兰
2020-03-09,22,挪威
2020-03-09,6,秘鲁
2020-03-09,4,菲律宾
2020-03-09,5,波兰
2020-03-09,9,葡萄牙
2020-03-09,3,卡塔尔
2020-03-09,2,罗马尼亚
2020-03-09,11,圣马力诺
2020-03-09,4,沙特阿拉伯
2020-03-09,12,新加坡
2020-03-09,2,斯洛伐克
2020-03-09,4,斯洛文尼亚
2020-03-09,1,南非
2020-03-09,248,韩国
2020-03-09,159,西班牙
2020-03-09,42,瑞典
2020-03-09,68,瑞士
2020-03-09,67,英国
2020-03-09,121,美国
2020-03-09,9,越南
2020-03-10,4,阿尔巴尼亚
2020-03-10,20,澳大利亚
2020-03-10,29,奥地利
2020-03-10,30,巴林
2020-03-10,39,比利时
2020-03-10,1,文莱
2020-03-10,15,加拿大
2020-03-10,3,智利
2020-03-10,20,中国
2020-03-10,2,哥伦比亚
2020-03-10,4,哥斯达黎加
2020-03-10,2,塞浦路斯
2020-03-10,8,捷克
2020-03-10,75,丹麦
2020-03-10,3,多米尼加
2020-03-10,1,厄瓜多尔
2020-03-10,6,埃及
2020-03-10,10,芬兰
2020-03-10,286,法国
2020-03-10,2,格鲁吉亚
2020-03-10,237,德国
2020-03-10,11,希腊
2020-03-10,1,匈牙利
2020-03-10,10,冰岛
2020-03-10,10,印度
2020-03-10,595,伊朗
2020-03-10,1797,意大利
2020-03-10,26,日本
2020-03-10,1,科威特
2020-03-10,3,拉脱维亚
2020-03-10,9,黎巴嫩
2020-03-10,18,马来西亚
2020-03-10,1,马耳他
2020-03-10,1,蒙古
2020-03-10,56,荷兰
2020-03-10,1,尼日利亚
2020-03-10,23,挪威
2020-03-10,2,阿曼
2020-03-10,10,巴基斯坦
2020-03-10,1,巴勒斯坦
2020-03-10,1,巴拿马
2020-03-10,2,秘鲁
2020-03-10,23,菲律宾
2020-03-10,6,波兰
2020-03-10,9,葡萄牙
2020-03-10,3,卡塔尔
2020-03-10,2,罗马尼亚
2020-03-10,12,圣马力诺
2020-03-10,4,沙特阿拉伯
2020-03-10,10,新加坡
2020-03-10,4,南非
2020-03-10,131,韩国
2020-03-10,615,西班牙
2020-03-10,45,瑞典
2020-03-10,42,瑞士
2020-03-10,1,突尼斯
2020-03-10,14,阿联酋
2020-03-10,48,英国
2020-03-10,200,美国
2020-03-10,1,越南
2020-03-11,3,阿富汗
2020-03-11,4,阿尔巴尼亚
2020-03-11,7,阿根廷
2020-03-11,12,澳大利亚
2020-03-11,51,奥地利
2020-03-11,2,阿塞拜疆
2020-03-11,1,巴林
2020-03-11,3,白俄罗斯
2020-03-11,28,比利时
2020-03-11,9,巴西
2020-03-11,2,布基纳法索
2020-03-11,16,加拿大
2020-03-11,4,智利
2020-03-11,29,中国
2020-03-11,4,哥斯达黎加
2020-03-11,1,克罗地亚
2020-03-11,23,捷克
2020-03-11,1,刚果（金）
2020-03-11,151,丹麦
2020-03-11,2,厄瓜多尔
2020-03-11,4,埃及
2020-03-11,3,爱沙尼亚
2020-03-11,372,法国
2020-03-11,8,格鲁吉亚
2020-03-11,157,德国
2020-03-11,6,希腊
2020-03-11,3,匈牙利
2020-03-11,5,冰岛
2020-03-11,6,印度
2020-03-11,13,印度尼西亚
2020-03-11,881,伊朗
2020-03-11,14,爱尔兰
2020-03-11,31,以色列
2020-03-11,977,意大利
2020-03-11,54,日本
2020-03-11,4,科威特
2020-03-11,2,拉脱维亚
2020-03-11,2,立陶宛
2020-03-11,2,卢森堡
2020-03-11,4,马其顿
2020-03-11,12,马来西亚
2020-03-11,2,马尔代夫
2020-03-11,2,摩尔多瓦
2020-03-11,61,荷兰
2020-03-11,85,挪威
2020-03-11,9,巴勒斯坦
2020-03-11,6,巴拿马
2020-03-11,4,Paraguay
2020-03-11,2,秘鲁
2020-03-11,5,波兰
2020-03-11,2,葡萄牙
2020-03-11,6,卡塔尔
2020-03-11,8,罗马尼亚
2020-03-11,13,圣马力诺
2020-03-11,5,沙特阿拉伯
2020-03-11,4,塞尔维亚
2020-03-11,6,新加坡
2020-03-11,2,斯洛伐克
2020-03-11,15,斯洛文尼亚
2020-03-11,242,韩国
2020-03-11,435,西班牙
2020-03-11,78,瑞典
2020-03-11,116,瑞士
2020-03-11,9,泰国
2020-03-11,3,突尼斯
2020-03-11,15,阿联酋
2020-03-11,52,英国
2020-03-11,271,美国
2020-03-11,4,越南
2020-03-12,1,阿尔巴尼亚
2020-03-12,3,亚美尼亚
2020-03-12,14,澳大利亚
2020-03-12,64,奥地利
2020-03-12,2,阿塞拜疆
2020-03-12,52,巴林
2020-03-12,3,白俄罗斯
2020-03-12,47,比利时
2020-03-12,2,玻利维亚
2020-03-12,1,波黑
2020-03-12,18,巴西
2020-03-12,10,文莱
2020-03-12,3,保加利亚
2020-03-12,1,柬埔寨
2020-03-12,10,加拿大
2020-03-12,6,智利
2020-03-12,24,中国
2020-03-12,6,哥伦比亚
2020-03-12,9,哥斯达黎加
2020-03-12,1,科特迪瓦
2020-03-12,3,克罗地亚
2020-03-12,3,古巴
2020-03-12,4,塞浦路斯
2020-03-12,31,捷克
2020-03-12,252,丹麦
2020-03-12,1,埃及
2020-03-12,3,爱沙尼亚
2020-03-12,19,芬兰
2020-03-12,497,法国
2020-03-12,1,格鲁吉亚
2020-03-12,271,德国
2020-03-12,9,希腊
2020-03-12,2,洪都拉斯
2020-03-12,1,匈牙利
2020-03-12,15,冰岛
2020-03-12,23,印度
2020-03-12,15,印度尼西亚
2020-03-12,958,伊朗
2020-03-12,9,伊拉克
2020-03-12,8,爱尔兰
2020-03-12,12,以色列
2020-03-12,2313,意大利
2020-03-12,2,牙买加
2020-03-12,51,日本
2020-03-12,3,科威特
2020-03-12,2,拉脱维亚
2020-03-12,20,黎巴嫩
2020-03-12,2,列支敦士登
2020-03-12,20,马来西亚
2020-03-12,2,马尔代夫
2020-03-12,2,马耳他
2020-03-12,4,墨西哥
2020-03-12,1,摩尔多瓦
2020-03-12,3,摩洛哥
2020-03-12,121,荷兰
2020-03-12,212,挪威
2020-03-12,4,巴基斯坦
2020-03-12,1,巴勒斯坦
2020-03-12,7,巴拿马
2020-03-12,6,秘鲁
2020-03-12,16,菲律宾
2020-03-12,9,波兰
2020-03-12,18,葡萄牙
2020-03-12,238,卡塔尔
2020-03-12,20,罗马尼亚
2020-03-12,15,俄罗斯联邦
2020-03-12,4,圣马力诺
2020-03-12,25,沙特阿拉伯
2020-03-12,13,塞尔维亚
2020-03-12,12,新加坡
2020-03-12,3,斯洛伐克
2020-03-12,26,斯洛文尼亚
2020-03-12,6,南非
2020-03-12,114,韩国
2020-03-12,501,西班牙
2020-03-12,1,斯里兰卡
2020-03-12,136,瑞典
2020-03-12,152,瑞士
2020-03-12,11,泰国
2020-03-12,2,突尼斯
2020-03-12,1,土耳其
2020-03-12,83,英国
2020-03-12,287,美国
2020-03-12,4,越南
2020-03-13,12,阿尔巴尼亚
2020-03-13,4,阿尔及利亚
2020-03-13,12,阿根廷
2020-03-13,2,亚美尼亚
2020-03-13,2,阿鲁巴
2020-03-13,30,澳大利亚
2020-03-13,115,奥地利
2020-03-13,9,白俄罗斯
2020-03-13,85,比利时
2020-03-13,1,玻利维亚
2020-03-13,25,巴西
2020-03-13,14,文莱
2020-03-13,16,保加利亚
2020-03-13,2,柬埔寨
2020-03-13,35,加拿大
2020-03-13,10,智利
2020-03-13,22,中国
2020-03-13,1,哥斯达黎加
2020-03-13,9,克罗地亚
2020-03-13,1,Curacao
2020-03-13,22,捷克
2020-03-13,160,丹麦
2020-03-13,20,埃及
2020-03-13,11,爱沙尼亚
2020-03-13,96,芬兰
2020-03-13,595,法国
2020-03-13,1,加蓬
2020-03-13,1,格鲁吉亚
2020-03-13,802,德国
2020-03-13,2,加纳
2020-03-13,34,希腊
2020-03-13,1,圭亚那
2020-03-13,3,匈牙利
2020-03-13,32,冰岛
2020-03-13,2,印度
2020-03-13,1075,伊朗
2020-03-13,4,伊拉克
2020-03-13,27,爱尔兰
2020-03-13,14,以色列
2020-03-13,2651,意大利
2020-03-13,4,牙买加
2020-03-13,56,日本
2020-03-13,8,科威特
2020-03-13,6,拉脱维亚
2020-03-13,5,黎巴嫩
2020-03-13,1,列支敦士登
2020-03-13,19,卢森堡
2020-03-13,2,马其顿
2020-03-13,9,马来西亚
2020-03-13,3,马耳他
2020-03-13,5,墨西哥
2020-03-13,2,摩尔多瓦
2020-03-13,1,摩洛哥
2020-03-13,111,荷兰
2020-03-13,132,挪威
2020-03-13,1,巴基斯坦
2020-03-13,13,巴拿马
2020-03-13,1,Paraguay
2020-03-13,5,秘鲁
2020-03-13,3,菲律宾
2020-03-13,18,波兰
2020-03-13,19,葡萄牙
2020-03-13,19,罗马尼亚
2020-03-13,5,俄罗斯联邦
2020-03-13,1,圣文森特和格林纳丁斯
2020-03-13,1,圣马力诺
2020-03-13,17,沙特阿拉伯
2020-03-13,2,塞内加尔
2020-03-13,6,塞尔维亚
2020-03-13,9,新加坡
2020-03-13,11,斯洛伐克
2020-03-13,39,斯洛文尼亚
2020-03-13,4,南非
2020-03-13,110,韩国
2020-03-13,864,西班牙
2020-03-13,1,斯里兰卡
2020-03-13,158,瑞典
2020-03-13,212,瑞士
2020-03-13,1,特立尼达和多巴哥
2020-03-13,6,突尼斯
2020-03-13,1,土耳其
2020-03-13,2,乌克兰
2020-03-13,11,阿联酋
2020-03-13,134,英国
2020-03-13,351,美国
2020-03-13,5,越南
2020-03-14,10,阿尔巴尼亚
2020-03-14,2,阿尔及利亚
2020-03-14,1,安道尔
2020-03-14,3,阿根廷
2020-03-14,7,亚美尼亚
2020-03-14,41,澳大利亚
2020-03-14,143,奥地利
2020-03-14,48,巴林
2020-03-14,160,比利时
2020-03-14,7,玻利维亚
2020-03-14,21,巴西
2020-03-14,12,文莱
2020-03-14,8,保加利亚
2020-03-14,38,加拿大
2020-03-14,10,智利
2020-03-14,19,中国
2020-03-14,7,哥伦比亚
2020-03-14,3,哥斯达黎加
2020-03-14,6,克罗地亚
2020-03-14,1,古巴
2020-03-14,8,塞浦路斯
2020-03-14,34,捷克
2020-03-14,1,刚果（金）
2020-03-14,128,丹麦
2020-03-14,6,多米尼加
2020-03-14,6,厄瓜多尔
2020-03-14,13,埃及
2020-03-14,52,爱沙尼亚
2020-03-14,1,埃塞俄比亚
2020-03-14,785,法国
2020-03-14,5,格鲁吉亚
2020-03-14,693,德国
2020-03-14,57,希腊
2020-03-14,1,几内亚比绍
2020-03-14,1,洪都拉斯
2020-03-14,9,匈牙利
2020-03-14,8,印度
2020-03-14,35,印度尼西亚
2020-03-14,1289,伊朗
2020-03-14,11,伊拉克
2020-03-14,21,爱尔兰
2020-03-14,20,以色列
2020-03-14,2547,意大利
2020-03-14,2,牙买加
2020-03-14,62,日本
2020-03-14,1,肯尼亚
2020-03-14,20,科威特
2020-03-14,3,拉脱维亚
2020-03-14,3,立陶宛
2020-03-14,12,卢森堡
2020-03-14,4,马其顿
2020-03-14,39,马来西亚
2020-03-14,1,马尔代夫
2020-03-14,3,马耳他
2020-03-14,10,墨西哥
2020-03-14,2,摩尔多瓦
2020-03-14,1,摩洛哥
2020-03-14,190,荷兰
2020-03-14,1,新西兰
2020-03-14,2,阿曼
2020-03-14,5,巴勒斯坦
2020-03-14,9,巴拿马
2020-03-14,1,Paraguay
2020-03-14,16,秘鲁
2020-03-14,12,菲律宾
2020-03-14,19,波兰
2020-03-14,34,葡萄牙
2020-03-14,58,卡塔尔
2020-03-14,25,罗马尼亚
2020-03-14,15,俄罗斯联邦
2020-03-14,6,圣马力诺
2020-03-14,24,沙特阿拉伯
2020-03-14,13,塞内加尔
2020-03-14,17,塞尔维亚
2020-03-14,13,新加坡
2020-03-14,9,斯洛伐克
2020-03-14,45,斯洛文尼亚
2020-03-14,7,南非
2020-03-14,107,韩国
2020-03-14,1227,西班牙
2020-03-14,3,斯里兰卡
2020-03-14,1,苏丹
2020-03-14,155,瑞典
2020-03-14,267,瑞士
2020-03-14,12,泰国
2020-03-14,1,特立尼达和多巴哥
2020-03-14,3,突尼斯
2020-03-14,117,英国
2020-03-14,511,美国
2020-03-14,5,越南
2020-03-15,3,阿富汗
2020-03-15,5,阿尔巴尼亚
2020-03-15,11,阿尔及利亚
2020-03-15,1,安提瓜和巴布达
2020-03-15,11,阿根廷
2020-03-15,7,亚美尼亚
2020-03-15,52,澳大利亚
2020-03-15,151,奥地利
2020-03-15,6,阿塞拜疆
2020-03-15,1,巴林
2020-03-15,130,比利时
2020-03-15,23,巴西
2020-03-15,3,文莱
2020-03-15,10,保加利亚
2020-03-15,1,布基纳法索
2020-03-15,2,柬埔寨
2020-03-15,1,喀麦隆
2020-03-15,68,加拿大
2020-03-15,18,智利
2020-03-15,22,中国
2020-03-15,18,哥伦比亚
2020-03-15,1,哥斯达黎加
2020-03-15,3,科特迪瓦
2020-03-15,6,克罗地亚
2020-03-15,7,塞浦路斯
2020-03-15,64,捷克
2020-03-15,23,丹麦
2020-03-15,5,厄瓜多尔
2020-03-15,1,赤道几内亚
2020-03-15,36,爱沙尼亚
2020-03-15,55,芬兰
2020-03-15,838,法国
2020-03-15,733,德国
2020-03-15,38,希腊
2020-03-15,1,危地马拉
2020-03-15,6,匈牙利
2020-03-15,21,冰岛
2020-03-15,7,印度
2020-03-15,27,印度尼西亚
2020-03-15,1365,伊朗
2020-03-15,38,爱尔兰
2020-03-15,62,以色列
2020-03-15,90,意大利
2020-03-15,43,日本
2020-03-15,6,哈萨克斯坦
2020-03-15,4,科威特
2020-03-15,7,拉脱维亚
2020-03-15,27,黎巴嫩
2020-03-15,3,立陶宛
2020-03-15,41,马来西亚
2020-03-15,6,马耳他
2020-03-15,1,毛里塔尼亚
2020-03-15,15,墨西哥
2020-03-15,12,摩尔多瓦
2020-03-15,2,摩纳哥
2020-03-15,11,摩洛哥
2020-03-15,2,纳米比亚
2020-03-15,155,荷兰
2020-03-15,2,新西兰
2020-03-15,286,挪威
2020-03-15,9,巴基斯坦
2020-03-15,3,巴勒斯坦
2020-03-15,7,巴拿马
2020-03-15,5,秘鲁
2020-03-15,47,菲律宾
2020-03-15,36,波兰
2020-03-15,57,葡萄牙
2020-03-15,17,卡塔尔
2020-03-15,24,罗马尼亚
2020-03-15,14,俄罗斯联邦
2020-03-15,1,卢旺达
2020-03-15,2,圣卢西亚
2020-03-15,19,圣马力诺
2020-03-15,2,塞内加尔
2020-03-15,5,塞尔维亚
2020-03-15,2,塞舌尔
2020-03-15,14,新加坡
2020-03-15,14,斯洛伐克
2020-03-15,40,斯洛文尼亚
2020-03-15,76,韩国
2020-03-15,1522,西班牙
2020-03-15,5,斯里兰卡
2020-03-15,1,苏里南
2020-03-15,1,斯威士兰
2020-03-15,149,瑞典
2020-03-15,238,瑞士
2020-03-15,433,英国
2020-03-15,777,美国
2020-03-15,6,乌拉圭
2020-03-15,10,委内瑞拉
2020-03-15,4,越南
2020-03-16,6,阿富汗
2020-03-16,4,阿尔巴尼亚
2020-03-16,11,阿尔及利亚
2020-03-16,3,安道尔
2020-03-16,11,阿根廷
2020-03-16,10,亚美尼亚
2020-03-16,49,澳大利亚
2020-03-16,205,奥地利
2020-03-16,1,巴哈马
2020-03-16,3,巴林
2020-03-16,6,白俄罗斯
2020-03-16,197,比利时
2020-03-16,15,波黑
2020-03-16,79,巴西
2020-03-16,10,文莱
2020-03-16,10,保加利亚
2020-03-16,5,柬埔寨
2020-03-16,1,喀麦隆
2020-03-16,60,加拿大
2020-03-16,1,中非
2020-03-16,14,智利
2020-03-16,25,中国
2020-03-16,11,哥伦比亚
2020-03-16,1,刚果
2020-03-16,8,哥斯达黎加
2020-03-16,11,克罗地亚
2020-03-16,9,塞浦路斯
2020-03-16,84,捷克
2020-03-16,48,丹麦
2020-03-16,9,厄瓜多尔
2020-03-16,17,埃及
2020-03-16,56,爱沙尼亚
2020-03-16,3,埃塞俄比亚
2020-03-16,57,芬兰
2020-03-16,924,法国
2020-03-16,1043,德国
2020-03-16,103,希腊
2020-03-16,3,圭亚那
2020-03-16,3,洪都拉斯
2020-03-16,8,匈牙利
2020-03-16,40,冰岛
2020-03-16,3,印度
2020-03-16,21,印度尼西亚
2020-03-16,1209,伊朗
2020-03-16,39,伊拉克
2020-03-16,40,爱尔兰
2020-03-16,72,以色列
2020-03-16,6230,意大利
2020-03-16,2,牙买加
2020-03-16,34,日本
2020-03-16,14,约旦
2020-03-16,3,哈萨克斯坦
2020-03-16,2,肯尼亚
2020-03-16,2,Kosovo
2020-03-16,8,科威特
2020-03-16,5,拉脱维亚
2020-03-16,6,黎巴嫩
2020-03-16,3,列支敦士登
2020-03-16,5,立陶宛
2020-03-16,39,卢森堡
2020-03-16,190,马来西亚
2020-03-16,4,马尔代夫
2020-03-16,3,马耳他
2020-03-16,12,墨西哥
2020-03-16,3,摩尔多瓦
2020-03-16,4,摩纳哥
2020-03-16,10,摩洛哥
2020-03-16,176,荷兰
2020-03-16,170,挪威
2020-03-16,2,阿曼
2020-03-16,1,巴基斯坦
2020-03-16,1,Paraguay
2020-03-16,28,秘鲁
2020-03-16,29,菲律宾
2020-03-16,21,波兰
2020-03-16,76,葡萄牙
2020-03-16,64,卡塔尔
2020-03-16,26,罗马尼亚
2020-03-16,4,俄罗斯联邦
2020-03-16,4,卢旺达
2020-03-16,6,圣马力诺
2020-03-16,32,沙特阿拉伯
2020-03-16,5,塞内加尔
2020-03-16,9,塞尔维亚
2020-03-16,1,塞舌尔
2020-03-16,12,新加坡
2020-03-16,17,斯洛伐克
2020-03-16,38,斯洛文尼亚
2020-03-16,27,南非
2020-03-16,74,韩国
2020-03-16,2000,西班牙
2020-03-16,8,斯里兰卡
2020-03-16,108,瑞典
2020-03-16,841,瑞士
2020-03-16,32,泰国
2020-03-16,2,特立尼达和多巴哥
2020-03-16,2,突尼斯
2020-03-16,16,土耳其
2020-03-16,1,阿联酋
2020-03-16,251,英国
2020-03-16,823,美国
2020-03-16,2,乌拉圭
2020-03-16,6,乌兹别克斯坦
2020-03-16,5,委内瑞拉
2020-03-16,4,越南
2020-03-17,5,阿富汗
2020-03-17,9,阿尔巴尼亚
2020-03-17,12,阿尔及利亚
2020-03-17,9,安道尔
2020-03-17,9,阿根廷
2020-03-17,22,亚美尼亚
2020-03-17,77,澳大利亚
2020-03-17,156,奥地利
2020-03-17,7,巴林
2020-03-17,2,孟加拉
2020-03-17,9,白俄罗斯
2020-03-17,199,比利时
2020-03-17,1,贝宁
2020-03-17,1,玻利维亚
2020-03-17,3,波黑
2020-03-17,34,巴西
2020-03-17,4,文莱
2020-03-17,11,保加利亚
2020-03-17,17,布基纳法索
2020-03-17,12,柬埔寨
2020-03-17,120,加拿大
2020-03-17,81,智利
2020-03-17,110,中国
2020-03-17,12,哥伦比亚
2020-03-17,6,哥斯达黎加
2020-03-17,1,科特迪瓦
2020-03-17,8,克罗地亚
2020-03-17,10,塞浦路斯
2020-03-17,46,捷克
2020-03-17,1,刚果（金）
2020-03-17,57,丹麦
2020-03-17,21,厄瓜多尔
2020-03-17,16,埃及
2020-03-17,34,爱沙尼亚
2020-03-17,1,埃塞俄比亚
2020-03-17,5,芬兰
2020-03-17,1210,法国
2020-03-17,3,格鲁吉亚
2020-03-17,1174,德国
2020-03-17,4,加纳
2020-03-17,21,希腊
2020-03-17,5,危地马拉
2020-03-17,2,洪都拉斯
2020-03-17,11,匈牙利
2020-03-17,21,冰岛
2020-03-17,32,印度
2020-03-17,17,印度尼西亚
2020-03-17,1053,伊朗
2020-03-17,54,爱尔兰
2020-03-17,10,以色列
2020-03-17,4000,意大利
2020-03-17,10,日本
2020-03-17,1,约旦
2020-03-17,2,哈萨克斯坦
2020-03-17,11,科威特
2020-03-17,5,拉脱维亚
2020-03-17,21,黎巴嫩
2020-03-17,1,利比里亚
2020-03-17,3,立陶宛
2020-03-17,4,卢森堡
2020-03-17,6,马其顿
2020-03-17,125,马来西亚
2020-03-17,9,马耳他
2020-03-17,29,墨西哥
2020-03-17,6,摩尔多瓦
2020-03-17,2,摩纳哥
2020-03-17,9,摩洛哥
2020-03-17,278,荷兰
2020-03-17,92,挪威
2020-03-17,2,阿曼
2020-03-17,156,巴基斯坦
2020-03-17,1,巴勒斯坦
2020-03-17,26,巴拿马
2020-03-17,1,Paraguay
2020-03-17,15,秘鲁
2020-03-17,2,菲律宾
2020-03-17,52,波兰
2020-03-17,86,葡萄牙
2020-03-17,38,卡塔尔
2020-03-17,45,罗马尼亚
2020-03-17,30,俄罗斯联邦
2020-03-17,4,圣马力诺
2020-03-17,15,沙特阿拉伯
2020-03-17,1,塞内加尔
2020-03-17,2,塞尔维亚
2020-03-17,1,塞舌尔
2020-03-17,17,新加坡
2020-03-17,23,斯洛伐克
2020-03-17,34,斯洛文尼亚
2020-03-17,1,索马里
2020-03-17,11,南非
2020-03-17,84,韩国
2020-03-17,1438,西班牙
2020-03-17,10,斯里兰卡
2020-03-17,89,瑞典
2020-03-17,1,坦桑尼亚
2020-03-17,63,泰国
2020-03-17,1,特立尼达和多巴哥
2020-03-17,2,突尼斯
2020-03-17,29,土耳其
2020-03-17,2,乌克兰
2020-03-17,12,阿联酋
2020-03-17,152,英国
2020-03-17,887,美国
2020-03-17,21,乌拉圭
2020-03-17,2,乌兹别克斯坦
2020-03-17,18,委内瑞拉
2020-03-17,4,越南
2020-03-18,1,阿富汗
2020-03-18,4,阿尔巴尼亚
2020-03-18,14,阿根廷
2020-03-18,26,亚美尼亚
2020-03-18,79,澳大利亚
2020-03-18,316,奥地利
2020-03-18,9,阿塞拜疆
2020-03-18,16,巴林
2020-03-18,3,孟加拉
2020-03-18,1,巴巴多斯
2020-03-18,158,比利时
2020-03-18,1,玻利维亚
2020-03-18,57,巴西
2020-03-18,2,文莱
2020-03-18,19,保加利亚
2020-03-18,6,喀麦隆
2020-03-18,145,加拿大
2020-03-18,45,智利
2020-03-18,33,中国
2020-03-18,8,哥伦比亚
2020-03-18,9,哥斯达黎加
2020-03-18,13,克罗地亚
2020-03-18,3,古巴
2020-03-18,90,捷克
2020-03-18,92,丹麦
2020-03-18,53,厄瓜多尔
2020-03-18,40,埃及
2020-03-18,20,爱沙尼亚
2020-03-18,47,芬兰
2020-03-18,1097,法国
2020-03-18,1,冈比亚
2020-03-18,1,格鲁吉亚
2020-03-18,1144,德国
2020-03-18,35,希腊
2020-03-18,1,洪都拉斯
2020-03-18,48,冰岛
2020-03-18,12,印度
2020-03-18,38,印度尼西亚
2020-03-18,1178,伊朗
2020-03-18,30,伊拉克
2020-03-18,69,爱尔兰
2020-03-18,167,以色列
2020-03-18,3526,意大利
2020-03-18,3,牙买加
2020-03-18,5,日本
2020-03-18,19,约旦
2020-03-18,22,哈萨克斯坦
2020-03-18,1,肯尼亚
2020-03-18,17,Kosovo
2020-03-18,7,科威特
2020-03-18,25,拉脱维亚
2020-03-18,1,利比里亚
2020-03-18,8,立陶宛
2020-03-18,59,卢森堡
2020-03-18,12,马其顿
2020-03-18,120,马来西亚
2020-03-18,8,马耳他
2020-03-18,11,墨西哥
2020-03-18,1,摩尔多瓦
2020-03-18,3,蒙古
2020-03-18,2,黑山
2020-03-18,7,摩洛哥
2020-03-18,292,荷兰
2020-03-18,12,新西兰
2020-03-18,1,尼日利亚
2020-03-18,139,挪威
2020-03-18,2,巴勒斯坦
2020-03-18,17,巴拿马
2020-03-18,2,Paraguay
2020-03-18,31,秘鲁
2020-03-18,45,菲律宾
2020-03-18,61,波兰
2020-03-18,117,葡萄牙
2020-03-18,3,卡塔尔
2020-03-18,33,罗马尼亚
2020-03-18,21,俄罗斯联邦
2020-03-18,2,卢旺达
2020-03-18,2,圣马力诺
2020-03-18,4,塞内加尔
2020-03-18,15,塞尔维亚
2020-03-18,23,新加坡
2020-03-18,13,斯洛伐克
2020-03-18,22,斯洛文尼亚
2020-03-18,23,南非
2020-03-18,93,韩国
2020-03-18,1987,西班牙
2020-03-18,13,斯里兰卡
2020-03-18,46,瑞典
2020-03-18,450,瑞士
2020-03-18,2,特立尼达和多巴哥
2020-03-18,4,突尼斯
2020-03-18,51,土耳其
2020-03-18,9,乌克兰
2020-03-18,15,阿联酋
2020-03-18,407,英国
2020-03-18,1766,美国
2020-03-18,21,乌拉圭
2020-03-18,8,乌兹别克斯坦
2020-03-19,4,阿尔巴尼亚
2020-03-19,13,阿尔及利亚
2020-03-19,39,安道尔
2020-03-19,18,阿根廷
2020-03-19,37,亚美尼亚
2020-03-19,111,澳大利亚
2020-03-19,314,奥地利
2020-03-19,6,阿塞拜疆
2020-03-19,19,巴林
2020-03-19,2,孟加拉
2020-03-19,10,白俄罗斯
2020-03-19,243,比利时
2020-03-19,15,波黑
2020-03-19,137,巴西
2020-03-19,12,文莱
2020-03-19,11,保加利亚
2020-03-19,6,布基纳法索
2020-03-19,121,加拿大
2020-03-19,37,智利
2020-03-19,75,中国
2020-03-19,37,哥伦比亚
2020-03-19,2,刚果
2020-03-19,19,哥斯达黎加
2020-03-19,1,科特迪瓦
2020-03-19,12,克罗地亚
2020-03-19,4,古巴
2020-03-19,18,塞浦路斯
2020-03-19,88,捷克
2020-03-19,11,刚果（金）
2020-03-19,91,丹麦
2020-03-19,1,吉布提
2020-03-19,10,多米尼加
2020-03-19,57,厄瓜多尔
2020-03-19,30,埃及
2020-03-19,1,萨尔瓦多
2020-03-19,2,赤道几内亚
2020-03-19,33,爱沙尼亚
2020-03-19,1,埃塞俄比亚
2020-03-19,50,芬兰
2020-03-19,1404,法国
2020-03-19,3,French Polynesia
2020-03-19,2,加蓬
2020-03-19,1042,德国
2020-03-19,1,加纳
2020-03-19,31,希腊
2020-03-19,3,关岛
2020-03-19,2,危地马拉
2020-03-19,1,圭亚那
2020-03-19,3,洪都拉斯
2020-03-19,23,匈牙利
2020-03-19,3,冰岛
2020-03-19,28,印度
2020-03-19,1192,伊朗
2020-03-19,10,伊拉克
2020-03-19,74,爱尔兰
2020-03-19,6,以色列
2020-03-19,4207,意大利
2020-03-19,2,牙买加
2020-03-19,44,日本
2020-03-19,17,约旦
2020-03-19,4,哈萨克斯坦
2020-03-19,3,肯尼亚
2020-03-19,12,科威特
2020-03-19,3,吉尔吉斯斯坦
2020-03-19,10,拉脱维亚
2020-03-19,13,黎巴嫩
2020-03-19,18,列支敦士登
2020-03-19,8,立陶宛
2020-03-19,70,卢森堡
2020-03-19,11,马其顿
2020-03-19,117,马来西亚
2020-03-19,10,马耳他
2020-03-19,25,墨西哥
2020-03-19,6,摩尔多瓦
2020-03-19,1,蒙古
2020-03-19,6,黑山
2020-03-19,10,摩洛哥
2020-03-19,346,荷兰
2020-03-19,8,新西兰
2020-03-19,1,尼加拉瓜
2020-03-19,5,尼日利亚
2020-03-19,115,挪威
2020-03-19,15,阿曼
2020-03-19,115,巴基斯坦
2020-03-19,3,巴勒斯坦
2020-03-19,23,巴拿马
2020-03-19,28,秘鲁
2020-03-19,15,菲律宾
2020-03-19,49,波兰
2020-03-19,194,葡萄牙
2020-03-19,10,卡塔尔
2020-03-19,43,罗马尼亚
2020-03-19,33,俄罗斯联邦
2020-03-19,4,卢旺达
2020-03-19,5,圣马力诺
2020-03-19,38,沙特阿拉伯
2020-03-19,5,塞内加尔
2020-03-19,22,塞尔维亚
2020-03-19,2,塞舌尔
2020-03-19,47,新加坡
2020-03-19,10,斯洛伐克
2020-03-19,11,斯洛文尼亚
2020-03-19,31,南非
2020-03-19,152,韩国
2020-03-19,2538,西班牙
2020-03-19,1,苏丹
2020-03-19,134,瑞典
2020-03-19,360,瑞士
2020-03-19,2,坦桑尼亚
2020-03-19,2,特立尼达和多巴哥
2020-03-19,5,突尼斯
2020-03-19,93,土耳其
2020-03-19,5,乌克兰
2020-03-19,680,英国
2020-03-19,2988,美国
2020-03-19,29,乌拉圭
2020-03-19,7,乌兹别克斯坦
2020-03-19,15,越南
2020-03-19,2,赞比亚
2020-03-20,11,阿尔巴尼亚
2020-03-20,9,阿尔及利亚
2020-03-20,22,安道尔
2020-03-20,31,阿根廷
2020-03-20,7,亚美尼亚
2020-03-20,2,阿鲁巴
2020-03-20,144,澳大利亚
2020-03-20,550,奥地利
2020-03-20,10,阿塞拜疆
2020-03-20,2,巴哈马
2020-03-20,13,巴林
2020-03-20,1,巴巴多斯
2020-03-20,11,白俄罗斯
2020-03-20,309,比利时
2020-03-20,1,贝宁
2020-03-20,2,百慕大
2020-03-20,3,玻利维亚
2020-03-20,8,波黑
2020-03-20,193,巴西
2020-03-20,5,文莱
2020-03-20,13,保加利亚
2020-03-20,7,布基纳法索
2020-03-20,4,喀麦隆
2020-03-20,156,加拿大
2020-03-20,1,Cayman Islands
2020-03-20,1,乍得
2020-03-20,104,智利
2020-03-20,99,中国
2020-03-20,26,哥伦比亚
2020-03-20,18,哥斯达黎加
2020-03-20,3,科特迪瓦
2020-03-20,23,克罗地亚
2020-03-20,5,古巴
2020-03-20,2,Curacao
2020-03-20,172,捷克
2020-03-20,36,丹麦
2020-03-20,31,厄瓜多尔
2020-03-20,14,埃及
2020-03-20,1,赤道几内亚
2020-03-20,9,爱沙尼亚
2020-03-20,1,埃塞俄比亚
2020-03-20,72,法罗群岛
2020-03-20,1,斐济
2020-03-20,31,芬兰
2020-03-20,1861,法国
2020-03-20,6,格鲁吉亚
2020-03-20,5940,德国
2020-03-20,4,加纳
2020-03-20,10,直布罗陀
2020-03-20,46,希腊
2020-03-20,2,Greenland
2020-03-20,9,关岛
2020-03-20,1,危地马拉
2020-03-20,1,根西岛
2020-03-20,2,海地
2020-03-20,12,洪都拉斯
2020-03-20,12,匈牙利
2020-03-20,80,冰岛
2020-03-20,26,印度
2020-03-20,55,印度尼西亚
2020-03-20,1046,伊朗
2020-03-20,13,伊拉克
2020-03-20,191,爱尔兰
2020-03-20,244,以色列
2020-03-20,5322,意大利
2020-03-20,1,牙买加
2020-03-20,77,日本
2020-03-20,5,泽西岛
2020-03-20,4,约旦
2020-03-20,12,哈萨克斯坦
2020-03-20,2,Kosovo
2020-03-20,6,科威特
2020-03-20,3,吉尔吉斯斯坦
2020-03-20,15,拉脱维亚
2020-03-20,16,黎巴嫩
2020-03-20,15,立陶宛
2020-03-20,135,卢森堡
2020-03-20,6,马其顿
2020-03-20,110,马来西亚
2020-03-20,5,马耳他
2020-03-20,1,毛里塔尼亚
2020-03-20,3,毛里求斯
2020-03-20,46,墨西哥
2020-03-20,13,摩尔多瓦
2020-03-20,2,摩纳哥
2020-03-20,5,黑山
2020-03-20,9,摩洛哥
2020-03-20,409,荷兰
2020-03-20,11,新西兰
2020-03-20,129,挪威
2020-03-20,176,巴基斯坦
2020-03-20,3,巴勒斯坦
2020-03-20,28,巴拿马
2020-03-20,2,Paraguay
2020-03-20,89,秘鲁
2020-03-20,28,菲律宾
2020-03-20,68,波兰
2020-03-20,143,葡萄牙
2020-03-20,8,卡塔尔
2020-03-20,17,罗马尼亚
2020-03-20,52,俄罗斯联邦
2020-03-20,17,圣马力诺
2020-03-20,67,沙特阿拉伯
2020-03-20,32,塞尔维亚
2020-03-20,32,新加坡
2020-03-20,16,斯洛伐克
2020-03-20,33,斯洛文尼亚
2020-03-20,34,南非
2020-03-20,87,韩国
2020-03-20,3431,西班牙
2020-03-20,11,斯里兰卡
2020-03-20,122,瑞典
2020-03-20,878,瑞士
2020-03-20,35,泰国
2020-03-20,10,突尼斯
2020-03-20,168,土耳其
2020-03-20,7,乌克兰
2020-03-20,27,阿联酋
2020-03-20,647,英国
2020-03-20,4835,美国
2020-03-20,15,乌拉圭
2020-03-20,9,越南
2020-03-21,2,阿富汗
2020-03-21,12,阿尔及利亚
2020-03-21,30,阿根廷
2020-03-21,14,亚美尼亚
2020-03-21,165,澳大利亚
2020-03-21,453,奥地利
2020-03-21,1,巴哈马
2020-03-21,16,巴林
2020-03-21,7,孟加拉
2020-03-21,4,巴巴多斯
2020-03-21,462,比利时
2020-03-21,1,不丹
2020-03-21,4,玻利维亚
2020-03-21,283,巴西
2020-03-21,5,文莱
2020-03-21,22,保加利亚
2020-03-21,7,布基纳法索
2020-03-21,23,柬埔寨
2020-03-21,13,喀麦隆
2020-03-21,125,加拿大
2020-03-21,2,佛得角
2020-03-21,2,Cayman Islands
2020-03-21,92,智利
2020-03-21,79,中国
2020-03-21,30,哥伦比亚
2020-03-21,26,哥斯达黎加
2020-03-21,5,科特迪瓦
2020-03-21,22,克罗地亚
2020-03-21,5,古巴
2020-03-21,9,塞浦路斯
2020-03-21,210,捷克
2020-03-21,104,丹麦
2020-03-21,13,多米尼加
2020-03-21,227,厄瓜多尔
2020-03-21,46,埃及
2020-03-21,2,萨尔瓦多
2020-03-21,16,爱沙尼亚
2020-03-21,2,埃塞俄比亚
2020-03-21,8,法罗群岛
2020-03-21,50,芬兰
2020-03-21,1617,法国
2020-03-21,12,French Polynesia
2020-03-21,3,格鲁吉亚
2020-03-21,4049,德国
2020-03-21,5,加纳
2020-03-21,31,希腊
2020-03-21,2,关岛
2020-03-21,4,危地马拉
2020-03-21,1,几内亚比绍
2020-03-21,18,匈牙利
2020-03-21,79,冰岛
2020-03-21,40,印度
2020-03-21,82,印度尼西亚
2020-03-21,1237,伊朗
2020-03-21,16,伊拉克
2020-03-21,126,爱尔兰
2020-03-21,1,马恩岛
2020-03-21,35,以色列
2020-03-21,5986,意大利
2020-03-21,3,牙买加
2020-03-21,57,日本
2020-03-21,7,泽西岛
2020-03-21,13,约旦
2020-03-21,4,哈萨克斯坦
2020-03-21,3,Kosovo
2020-03-21,11,科威特
2020-03-21,25,拉脱维亚
2020-03-21,14,黎巴嫩
2020-03-21,9,列支敦士登
2020-03-21,21,立陶宛
2020-03-21,139,卢森堡
2020-03-21,22,马其顿
2020-03-21,3,马达加斯加
2020-03-21,130,马来西亚
2020-03-21,11,马耳他
2020-03-21,9,毛里求斯
2020-03-21,39,墨西哥
2020-03-21,17,摩尔多瓦
2020-03-21,1,摩纳哥
2020-03-21,1,蒙古
2020-03-21,1,黑山
2020-03-21,1,蒙特塞拉特
2020-03-21,23,摩洛哥
2020-03-21,1,纳米比亚
2020-03-21,534,荷兰
2020-03-21,2,新喀里多尼亚
2020-03-21,14,新西兰
2020-03-21,1,尼日尔
2020-03-21,4,尼日利亚
2020-03-21,190,挪威
2020-03-21,9,阿曼
2020-03-21,17,巴基斯坦
2020-03-21,1,巴勒斯坦
2020-03-21,63,巴拿马
2020-03-21,1,巴布亚新几内亚
2020-03-21,5,Paraguay
2020-03-21,29,秘鲁
2020-03-21,70,波兰
2020-03-21,235,葡萄牙
2020-03-21,10,卡塔尔
2020-03-21,31,罗马尼亚
2020-03-21,54,俄罗斯联邦
2020-03-21,6,卢旺达
2020-03-21,25,圣马力诺
2020-03-21,36,沙特阿拉伯
2020-03-21,11,塞内加尔
2020-03-21,9,塞尔维亚
2020-03-21,1,塞舌尔
2020-03-21,40,新加坡
2020-03-21,14,斯洛伐克
2020-03-21,22,斯洛文尼亚
2020-03-21,55,南非
2020-03-21,147,韩国
2020-03-21,2833,西班牙
2020-03-21,13,斯里兰卡
2020-03-21,200,瑞典
2020-03-21,952,瑞士
2020-03-21,154,泰国
2020-03-21,8,多哥
2020-03-21,15,突尼斯
2020-03-21,311,土耳其
2020-03-21,706,英国
2020-03-21,5374,美国
2020-03-21,16,乌拉圭
2020-03-21,10,乌兹别克斯坦
2020-03-21,3,委内瑞拉
2020-03-21,2,越南
2020-03-21,1,津巴布韦
2020-03-22,6,阿尔巴尼亚
2020-03-22,13,安道尔
2020-03-22,2,安哥拉
2020-03-22,67,阿根廷
2020-03-22,24,亚美尼亚
2020-03-22,224,澳大利亚
2020-03-22,375,奥地利
2020-03-22,9,阿塞拜疆
2020-03-22,21,巴林
2020-03-22,7,孟加拉
2020-03-22,8,巴巴多斯
2020-03-22,19,白俄罗斯
2020-03-22,558,比利时
2020-03-22,1,玻利维亚
2020-03-22,48,波黑
2020-03-22,224,巴西
2020-03-22,5,文莱
2020-03-22,36,保加利亚
2020-03-22,24,布基纳法索
2020-03-22,4,柬埔寨
2020-03-22,260,加拿大
2020-03-22,1,佛得角
2020-03-22,2,中非
2020-03-22,1,乍得
2020-03-22,103,智利
2020-03-22,83,中国
2020-03-22,52,哥伦比亚
2020-03-22,1,刚果
2020-03-22,4,哥斯达黎加
2020-03-22,3,科特迪瓦
2020-03-22,80,克罗地亚
2020-03-22,4,古巴
2020-03-22,17,塞浦路斯
2020-03-22,91,捷克
2020-03-22,9,刚果（金）
2020-03-22,71,丹麦
2020-03-22,78,多米尼加
2020-03-22,106,厄瓜多尔
2020-03-22,29,埃及
2020-03-22,2,赤道几内亚
2020-03-22,1,厄立特里亚
2020-03-22,23,爱沙尼亚
2020-03-22,12,法罗群岛
2020-03-22,1,斐济
2020-03-22,71,芬兰
2020-03-22,1847,法国
2020-03-22,2,French Polynesia
2020-03-22,6,格鲁吉亚
2020-03-22,3276,德国
2020-03-22,5,加纳
2020-03-22,35,希腊
2020-03-22,1,关岛
2020-03-22,4,危地马拉
2020-03-22,2,洪都拉斯
2020-03-22,28,匈牙利
2020-03-22,64,冰岛
2020-03-22,89,印度
2020-03-22,141,印度尼西亚
2020-03-22,966,伊朗
2020-03-22,21,伊拉克
2020-03-22,102,爱尔兰
2020-03-22,1,马恩岛
2020-03-22,171,以色列
2020-03-22,6557,意大利
2020-03-22,39,日本
2020-03-22,15,约旦
2020-03-22,3,哈萨克斯坦
2020-03-22,17,科威特
2020-03-22,8,吉尔吉斯斯坦
2020-03-22,13,拉脱维亚
2020-03-22,67,黎巴嫩
2020-03-22,1,利比里亚
2020-03-22,2,列支敦士登
2020-03-22,36,立陶宛
2020-03-22,186,卢森堡
2020-03-22,15,马其顿
2020-03-22,153,马来西亚
2020-03-22,9,马耳他
2020-03-22,2,毛里求斯
2020-03-22,48,墨西哥
2020-03-22,14,摩尔多瓦
2020-03-22,6,摩纳哥
2020-03-22,4,蒙古
2020-03-22,10,摩洛哥
2020-03-22,637,荷兰
2020-03-22,2,新喀里多尼亚
2020-03-22,13,新西兰
2020-03-22,10,尼日利亚
2020-03-22,184,挪威
2020-03-22,4,阿曼
2020-03-22,151,巴基斯坦
2020-03-22,4,巴勒斯坦
2020-03-22,45,巴拿马
2020-03-22,4,Paraguay
2020-03-22,55,秘鲁
2020-03-22,150,菲律宾
2020-03-22,111,波兰
2020-03-22,260,葡萄牙
2020-03-22,11,卡塔尔
2020-03-22,59,罗马尼亚
2020-03-22,53,俄罗斯联邦
2020-03-22,118,沙特阿拉伯
2020-03-22,9,塞内加尔
2020-03-22,14,塞尔维亚
2020-03-22,47,新加坡
2020-03-22,41,斯洛伐克
2020-03-22,42,斯洛文尼亚
2020-03-22,35,南非
2020-03-22,98,韩国
2020-03-22,4946,西班牙
2020-03-22,12,斯里兰卡
2020-03-22,4,苏里南
2020-03-22,123,瑞典
2020-03-22,1237,瑞士
2020-03-22,3,坦桑尼亚
2020-03-22,233,泰国
2020-03-22,1,东帝汶
2020-03-22,6,多哥
2020-03-22,40,特立尼达和多巴哥
2020-03-22,6,突尼斯
2020-03-22,277,土耳其
2020-03-22,1,乌干达
2020-03-22,15,乌克兰
2020-03-22,13,阿联酋
2020-03-22,1035,英国
2020-03-22,7123,美国
2020-03-22,25,乌拉圭
2020-03-22,7,越南
2020-03-22,1,津巴布韦
2020-03-23,10,阿富汗
2020-03-23,13,阿尔巴尼亚
2020-03-23,8,阿尔及利亚
2020-03-23,25,安道尔
2020-03-23,41,阿根廷
2020-03-23,30,亚美尼亚
2020-03-23,611,澳大利亚
2020-03-23,607,奥地利
2020-03-23,12,阿塞拜疆
2020-03-23,28,巴林
2020-03-23,3,孟加拉
2020-03-23,3,巴巴多斯
2020-03-23,586,比利时
2020-03-23,4,百慕大
2020-03-23,7,玻利维亚
2020-03-23,33,波黑
2020-03-23,418,巴西
2020-03-23,5,文莱
2020-03-23,22,保加利亚
2020-03-23,35,柬埔寨
2020-03-23,199,加拿大
2020-03-23,1,中非
2020-03-23,95,智利
2020-03-23,150,中国
2020-03-23,25,哥伦比亚
2020-03-23,17,哥斯达黎加
2020-03-23,8,科特迪瓦
2020-03-23,29,克罗地亚
2020-03-23,10,古巴
2020-03-23,11,塞浦路斯
2020-03-23,170,捷克
2020-03-23,3,刚果（金）
2020-03-23,69,丹麦
2020-03-23,1,多米尼克
2020-03-23,90,多米尼加
2020-03-23,257,厄瓜多尔
2020-03-23,9,埃及
2020-03-23,20,爱沙尼亚
2020-03-23,2,埃塞俄比亚
2020-03-23,23,法罗群岛
2020-03-23,1,斐济
2020-03-23,105,芬兰
2020-03-23,1559,法国
2020-03-23,1,French Polynesia
2020-03-23,3,加蓬
2020-03-23,5,格鲁吉亚
2020-03-23,3311,德国
2020-03-23,3,加纳
2020-03-23,5,直布罗陀
2020-03-23,94,希腊
2020-03-23,1,格林纳达
2020-03-23,12,关岛
2020-03-23,2,危地马拉
2020-03-23,16,根西岛
2020-03-23,1,洪都拉斯
2020-03-23,36,匈牙利
2020-03-23,95,冰岛
2020-03-23,119,印度
2020-03-23,64,印度尼西亚
2020-03-23,1028,伊朗
2020-03-23,19,伊拉克
2020-03-23,121,爱尔兰
2020-03-23,188,以色列
2020-03-23,5560,意大利
2020-03-23,43,日本
2020-03-23,3,泽西岛
2020-03-23,15,约旦
2020-03-23,4,哈萨克斯坦
2020-03-23,8,肯尼亚
2020-03-23,7,Kosovo
2020-03-23,12,科威特
2020-03-23,15,拉脱维亚
2020-03-23,18,黎巴嫩
2020-03-23,10,列支敦士登
2020-03-23,38,立陶宛
2020-03-23,128,卢森堡
2020-03-23,29,马其顿
2020-03-23,123,马来西亚
2020-03-23,17,马耳他
2020-03-23,14,毛里求斯
2020-03-23,65,墨西哥
2020-03-23,14,摩尔多瓦
2020-03-23,5,摩纳哥
2020-03-23,7,黑山
2020-03-23,19,摩洛哥
2020-03-23,1,莫桑比克
2020-03-23,573,荷兰
2020-03-23,1,新喀里多尼亚
2020-03-23,36,新西兰
2020-03-23,1,尼加拉瓜
2020-03-23,8,尼日利亚
2020-03-23,206,挪威
2020-03-23,3,阿曼
2020-03-23,138,巴基斯坦
2020-03-23,7,巴勒斯坦
2020-03-23,68,巴拿马
2020-03-23,45,秘鲁
2020-03-23,98,波兰
2020-03-23,320,葡萄牙
2020-03-23,13,卡塔尔
2020-03-23,66,罗马尼亚
2020-03-23,132,俄罗斯联邦
2020-03-23,2,卢旺达
2020-03-23,119,沙特阿拉伯
2020-03-23,11,塞内加尔
2020-03-23,39,塞尔维亚
2020-03-23,23,新加坡
2020-03-23,7,斯洛伐克
2020-03-23,31,斯洛文尼亚
2020-03-23,34,南非
2020-03-23,64,韩国
2020-03-23,3646,西班牙
2020-03-23,9,斯里兰卡
2020-03-23,3,斯威士兰
2020-03-23,160,瑞典
2020-03-23,894,瑞士
2020-03-23,1,叙利亚
2020-03-23,6,坦桑尼亚
2020-03-23,122,泰国
2020-03-23,1,特立尼达和多巴哥
2020-03-23,15,突尼斯
2020-03-23,289,土耳其
2020-03-23,6,乌克兰
2020-03-23,665,英国
2020-03-23,8459,美国
2020-03-23,23,乌拉圭
2020-03-23,13,乌兹别克斯坦
2020-03-23,24,越南
2020-03-23,1,赞比亚
2020-03-24,6,阿富汗
2020-03-24,11,阿尔巴尼亚
2020-03-24,87,阿尔及利亚
2020-03-24,20,安道尔
2020-03-24,35,阿根廷
2020-03-24,4,亚美尼亚
2020-03-24,8,阿鲁巴
2020-03-24,114,澳大利亚
2020-03-24,855,奥地利
2020-03-24,7,阿塞拜疆
2020-03-24,5,巴林
2020-03-24,6,孟加拉
2020-03-24,5,白俄罗斯
2020-03-24,342,比利时
2020-03-24,1,伯利兹
2020-03-24,3,贝宁
2020-03-24,1,玻利维亚
2020-03-24,4,波黑
2020-03-24,345,巴西
2020-03-24,3,文莱
2020-03-24,16,保加利亚
2020-03-24,11,布基纳法索
2020-03-24,1,柬埔寨
2020-03-24,29,喀麦隆
2020-03-24,216,加拿大
2020-03-24,114,智利
2020-03-24,99,中国
2020-03-24,71,哥伦比亚
2020-03-24,24,哥斯达黎加
2020-03-24,71,克罗地亚
2020-03-24,5,古巴
2020-03-24,3,Curacao
2020-03-24,21,塞浦路斯
2020-03-24,71,捷克
2020-03-24,65,丹麦
2020-03-24,2,吉布提
2020-03-24,43,多米尼加
2020-03-24,192,厄瓜多尔
2020-03-24,33,埃及
2020-03-24,2,萨尔瓦多
2020-03-24,3,赤道几内亚
2020-03-24,26,爱沙尼亚
2020-03-24,3,法罗群岛
2020-03-24,1,斐济
2020-03-24,74,芬兰
2020-03-24,3838,法国
2020-03-24,5,French Polynesia
2020-03-24,1,冈比亚
2020-03-24,7,格鲁吉亚
2020-03-24,4438,德国
2020-03-24,3,加纳
2020-03-24,71,希腊
2020-03-24,2,Greenland
2020-03-24,2,关岛
2020-03-24,1,危地马拉
2020-03-24,3,根西岛
2020-03-24,3,海地
2020-03-24,3,洪都拉斯
2020-03-24,20,匈牙利
2020-03-24,20,冰岛
2020-03-24,53,印度
2020-03-24,65,印度尼西亚
2020-03-24,1411,伊朗
2020-03-24,33,伊拉克
2020-03-24,219,爱尔兰
2020-03-24,11,马恩岛
2020-03-24,371,以色列
2020-03-24,4789,意大利
2020-03-24,39,日本
2020-03-24,3,泽西岛
2020-03-24,13,约旦
2020-03-24,2,哈萨克斯坦
2020-03-24,1,肯尼亚
2020-03-24,30,Kosovo
2020-03-24,1,科威特
2020-03-24,2,吉尔吉斯斯坦
2020-03-24,41,拉脱维亚
2020-03-24,19,黎巴嫩
2020-03-24,36,立陶宛
2020-03-24,77,卢森堡
2020-03-24,22,马其顿
2020-03-24,14,马达加斯加
2020-03-24,212,马来西亚
2020-03-24,17,马耳他
2020-03-24,8,毛里求斯
2020-03-24,51,墨西哥
2020-03-24,15,摩尔多瓦
2020-03-24,6,黑山
2020-03-24,19,摩洛哥
2020-03-24,2,缅甸
2020-03-24,1,尼泊尔
2020-03-24,545,荷兰
2020-03-24,2,新喀里多尼亚
2020-03-24,40,新西兰
2020-03-24,1,尼日尔
2020-03-24,10,尼日利亚
2020-03-24,239,挪威
2020-03-24,11,阿曼
2020-03-24,103,巴基斯坦
2020-03-24,32,巴拿马
2020-03-24,5,Paraguay
2020-03-24,32,秘鲁
2020-03-24,82,菲律宾
2020-03-24,115,波兰
2020-03-24,460,葡萄牙
2020-03-24,7,卡塔尔
2020-03-24,143,罗马尼亚
2020-03-24,17,卢旺达
2020-03-24,36,圣马力诺
2020-03-24,51,沙特阿拉伯
2020-03-24,12,塞内加尔
2020-03-24,34,塞尔维亚
2020-03-24,54,新加坡
2020-03-24,6,斯洛伐克
2020-03-24,28,斯洛文尼亚
2020-03-24,128,南非
2020-03-24,76,韩国
2020-03-24,4517,西班牙
2020-03-24,10,斯里兰卡
2020-03-24,1,苏里南
2020-03-24,110,瑞典
2020-03-24,1044,瑞士
2020-03-24,106,泰国
2020-03-24,3,多哥
2020-03-24,1,特立尼达和多巴哥
2020-03-24,14,突尼斯
2020-03-24,293,土耳其
2020-03-24,8,乌干达
2020-03-24,26,乌克兰
2020-03-24,45,阿联酋
2020-03-24,967,英国
2020-03-24,11236,美国
2020-03-24,17,United States Virgin Islands
2020-03-24,4,乌拉圭
2020-03-24,3,乌兹别克斯坦
2020-03-24,48,委内瑞拉
2020-03-24,5,越南
2020-03-25,2,阿富汗
2020-03-25,23,阿尔巴尼亚
2020-03-25,42,阿尔及利亚
2020-03-25,31,安道尔
2020-03-25,2,安提瓜和巴布达
2020-03-25,86,阿根廷
2020-03-25,71,亚美尼亚
2020-03-25,5,阿鲁巴
2020-03-25,600,澳大利亚
2020-03-25,796,奥地利
2020-03-25,15,阿塞拜疆
2020-03-25,51,巴林
2020-03-25,6,孟加拉
2020-03-25,1,巴巴多斯
2020-03-25,526,比利时
2020-03-25,4,玻利维亚
2020-03-25,33,波黑
2020-03-25,310,巴西
2020-03-25,13,文莱
2020-03-25,19,保加利亚
2020-03-25,24,布基纳法索
2020-03-25,4,柬埔寨
2020-03-25,16,喀麦隆
2020-03-25,313,加拿大
2020-03-25,1,乍得
2020-03-25,176,智利
2020-03-25,99,中国
2020-03-25,72,哥伦比亚
2020-03-25,19,哥斯达黎加
2020-03-25,48,科特迪瓦
2020-03-25,76,克罗地亚
2020-03-25,8,古巴
2020-03-25,8,塞浦路斯
2020-03-25,158,捷克
2020-03-25,19,刚果（金）
2020-03-25,131,丹麦
2020-03-25,1,多米尼克
2020-03-25,67,多米尼加
2020-03-25,101,厄瓜多尔
2020-03-25,39,埃及
2020-03-25,4,萨尔瓦多
2020-03-25,17,爱沙尼亚
2020-03-25,4,法罗群岛
2020-03-25,1,斐济
2020-03-25,92,芬兰
2020-03-25,2446,法国
2020-03-25,2,French Polynesia
2020-03-25,1,冈比亚
2020-03-25,9,格鲁吉亚
2020-03-25,2342,德国
2020-03-25,26,加纳
2020-03-25,48,希腊
2020-03-25,3,关岛
2020-03-25,1,危地马拉
2020-03-25,3,根西岛
2020-03-25,2,几内亚比绍
2020-03-25,2,海地
2020-03-25,6,洪都拉斯
2020-03-25,39,匈牙利
2020-03-25,60,冰岛
2020-03-25,70,印度
2020-03-25,107,印度尼西亚
2020-03-25,1762,伊朗
2020-03-25,50,伊拉克
2020-03-25,204,爱尔兰
2020-03-25,10,马恩岛
2020-03-25,488,以色列
2020-03-25,5249,意大利
2020-03-25,2,牙买加
2020-03-25,65,日本
2020-03-25,15,约旦
2020-03-25,17,哈萨克斯坦
2020-03-25,9,肯尼亚
2020-03-25,2,Kosovo
2020-03-25,2,科威特
2020-03-25,26,吉尔吉斯斯坦
2020-03-25,2,老挝
2020-03-25,17,拉脱维亚
2020-03-25,37,黎巴嫩
2020-03-25,1,利比亚
2020-03-25,1,列支敦士登
2020-03-25,30,立陶宛
2020-03-25,224,卢森堡
2020-03-25,12,马其顿
2020-03-25,2,马达加斯加
2020-03-25,106,马来西亚
2020-03-25,13,马耳他
2020-03-25,6,毛里求斯
2020-03-25,38,墨西哥
2020-03-25,16,摩尔多瓦
2020-03-25,4,摩纳哥
2020-03-25,20,黑山
2020-03-25,36,摩洛哥
2020-03-25,1,缅甸
2020-03-25,1,尼泊尔
2020-03-25,811,荷兰
2020-03-25,2,新喀里多尼亚
2020-03-25,47,新西兰
2020-03-25,5,尼日尔
2020-03-25,4,尼日利亚
2020-03-25,195,挪威
2020-03-25,18,阿曼
2020-03-25,104,巴基斯坦
2020-03-25,1,巴勒斯坦
2020-03-25,98,巴拿马
2020-03-25,10,Paraguay
2020-03-25,21,秘鲁
2020-03-25,90,菲律宾
2020-03-25,152,波兰
2020-03-25,302,葡萄牙
2020-03-25,25,卡塔尔
2020-03-25,186,罗马尼亚
2020-03-25,57,俄罗斯联邦
2020-03-25,4,卢旺达
2020-03-25,205,沙特阿拉伯
2020-03-25,7,塞内加尔
2020-03-25,27,塞尔维亚
2020-03-25,49,新加坡
2020-03-25,13,斯洛伐克
2020-03-25,38,斯洛文尼亚
2020-03-25,155,南非
2020-03-25,100,韩国
2020-03-25,6584,西班牙
2020-03-25,5,斯里兰卡
2020-03-25,1,苏丹
2020-03-25,2,苏里南
2020-03-25,256,瑞典
2020-03-25,774,瑞士
2020-03-25,107,泰国
2020-03-25,6,特立尼达和多巴哥
2020-03-25,25,突尼斯
2020-03-25,343,土耳其
2020-03-25,1,Turks and Caicos Islands
2020-03-25,11,乌克兰
2020-03-25,50,阿联酋
2020-03-25,1427,英国
2020-03-25,8789,美国
2020-03-25,27,乌拉圭
2020-03-25,6,乌兹别克斯坦
2020-03-25,7,委内瑞拉
2020-03-25,11,越南
2020-03-26,33,阿富汗
2020-03-26,23,阿尔巴尼亚
2020-03-26,33,阿尔及利亚
2020-03-26,24,安道尔
2020-03-26,115,阿根廷
2020-03-26,25,亚美尼亚
2020-03-26,2,阿鲁巴
2020-03-26,606,奥地利
2020-03-26,6,阿塞拜疆
2020-03-26,1,巴哈马
2020-03-26,29,巴林
2020-03-26,5,白俄罗斯
2020-03-26,668,比利时
2020-03-26,1,伯利兹
2020-03-26,1,不丹
2020-03-26,7,玻利维亚
2020-03-26,19,波黑
2020-03-26,232,巴西
2020-03-26,3,文莱
2020-03-26,22,保加利亚
2020-03-26,15,布基纳法索
2020-03-26,5,柬埔寨
2020-03-26,1426,加拿大
2020-03-26,1,佛得角
2020-03-26,220,智利
2020-03-26,121,中国
2020-03-26,92,哥伦比亚
2020-03-26,24,哥斯达黎加
2020-03-26,7,科特迪瓦
2020-03-26,36,克罗地亚
2020-03-26,9,古巴
2020-03-26,8,塞浦路斯
2020-03-26,260,捷克
2020-03-26,133,丹麦
2020-03-26,9,吉布提
2020-03-26,5,多米尼克
2020-03-26,80,多米尼加
2020-03-26,129,厄瓜多尔
2020-03-26,76,埃及
2020-03-26,4,萨尔瓦多
2020-03-26,2,赤道几内亚
2020-03-26,3,厄立特里亚
2020-03-26,35,爱沙尼亚
2020-03-26,1,埃塞俄比亚
2020-03-26,10,法罗群岛
2020-03-26,88,芬兰
2020-03-26,2931,法国
2020-03-26,3,格鲁吉亚
2020-03-26,4954,德国
2020-03-26,15,加纳
2020-03-26,11,直布罗陀
2020-03-26,78,希腊
2020-03-26,1,Greenland
2020-03-26,5,关岛
2020-03-26,3,危地马拉
2020-03-26,7,根西岛
2020-03-26,1,海地
2020-03-26,16,洪都拉斯
2020-03-26,35,匈牙利
2020-03-26,89,冰岛
2020-03-26,87,印度
2020-03-26,104,印度尼西亚
2020-03-26,2206,伊朗
2020-03-26,30,伊拉克
2020-03-26,235,爱尔兰
2020-03-26,439,以色列
2020-03-26,5210,意大利
2020-03-26,4,牙买加
2020-03-26,75,日本
2020-03-26,26,约旦
2020-03-26,9,哈萨克斯坦
2020-03-26,8,Kosovo
2020-03-26,4,科威特
2020-03-26,2,吉尔吉斯斯坦
2020-03-26,24,拉脱维亚
2020-03-26,29,黎巴嫩
2020-03-26,4,列支敦士登
2020-03-26,65,立陶宛
2020-03-26,234,卢森堡
2020-03-26,29,马其顿
2020-03-26,172,马来西亚
2020-03-26,2,马里
2020-03-26,9,马耳他
2020-03-26,6,毛里求斯
2020-03-26,24,摩尔多瓦
2020-03-26,4,摩纳哥
2020-03-26,6,黑山
2020-03-26,55,摩洛哥
2020-03-26,4,莫桑比克
2020-03-26,1,纳米比亚
2020-03-26,852,荷兰
2020-03-26,5,新喀里多尼亚
2020-03-26,94,新西兰
2020-03-26,7,尼日利亚
2020-03-26,350,挪威
2020-03-26,15,阿曼
2020-03-26,66,巴基斯坦
2020-03-26,2,巴勒斯坦
2020-03-26,142,秘鲁
2020-03-26,84,菲律宾
2020-03-26,150,波兰
2020-03-26,633,葡萄牙
2020-03-26,11,卡塔尔
2020-03-26,144,罗马尼亚
2020-03-26,163,俄罗斯联邦
2020-03-26,1,卢旺达
2020-03-26,2,Saint Kitts and Nevis
2020-03-26,1,圣卢西亚
2020-03-26,21,圣马力诺
2020-03-26,133,沙特阿拉伯
2020-03-26,13,塞内加尔
2020-03-26,54,塞尔维亚
2020-03-26,10,新加坡
2020-03-26,1,Sint Maarten (Dutch part)
2020-03-26,12,斯洛伐克
2020-03-26,48,斯洛文尼亚
2020-03-26,152,南非
2020-03-26,104,韩国
2020-03-26,7937,西班牙
2020-03-26,238,瑞典
2020-03-26,925,瑞士
2020-03-26,111,泰国
2020-03-26,5,多哥
2020-03-26,3,特立尼达和多巴哥
2020-03-26,59,突尼斯
2020-03-26,561,土耳其
2020-03-26,5,乌干达
2020-03-26,29,乌克兰
2020-03-26,85,阿联酋
2020-03-26,1452,英国
2020-03-26,13963,美国
2020-03-26,28,乌拉圭
2020-03-26,10,乌兹别克斯坦
2020-03-26,15,委内瑞拉
2020-03-26,14,越南
2020-03-26,9,赞比亚
2020-03-26,1,津巴布韦
